309291,Creme N Crisp,011 33105634,"97, Bangla Sahib Road,Gole Market, New DelhiIndia",,,,",",,,https://www.zomato.com/ncr/creme-n-crisp-gole-market-new-delhi,9
311146,Uzzuri Deli,,"1/3, Scindia House, Next to Tribhuvandas Jewellers,Janpath, New DelhiIndia",,,,",",,,https://www.zomato.com/ncr/uzzuri-deli-janpath-new-delhi,4
2731,The Atrium - The Imperial,011 41116634,"The Imperial,Janpath, New DelhiIndia",,,,",",,,https://www.zomato.com/ncr/the-atrium-the-imperial-janpath-delhi,9
307190,The Rolling Joint,+91 8010765765,"M-61/1, Middle Lane, Behind Odeon Cinema,Connaught Place, New DelhiIndia",Rs. 450 for two people (approx.),11 AM to 11 PM,its variety of rolls,",",Fast Food,"Home Delivery,Dine-In Not Available,Serves Non Veg,Bar Not Available",https://www.zomato.com/ncr/the-rolling-joint-connaught-place-new-delhi,150
305766,Sam's Restaurant & Bar,+91 9811029125,"1548, Vivek Hotel, Main Bazar,Paharganj, New DelhiIndia",,,,",",,,https://www.zomato.com/ncr/sam-s-restaurant-bar-paharganj-new-delhi,17
306497,Punjabi By Nature Quickie,011 47675702,"30 B, F Block,Connaught Place, New DelhiIndia",,,,",",,,https://www.zomato.com/ncr/punjabi-by-nature-quickie-connaught-place-new-delhi,255
1793,Q'BA,011 45173333,"E 42 & 43, Inner Circle,Connaught Place, New DelhiIndia",,12:30 PM to 12:30 AM,Classic ambiance along with good outdoor option and a good buffet spread,"Lounge,","Asian,Mediterranean,North Indian,Italian",",",https://www.zomato.com/ncr/qba-connaught-place-new-delhi,484
309790,Vault Caf,011 33105674,"F-60, Second Floor,Connaught Place, New Delhi110001",Rs. 1500 for two people (approx.),11:30 AM to 12:30 AM,Vault style ambiance with good alcohol options,"Casual Dining,Lounge","North Indian,Mediterranean,Asian,Continental","No Home Delivery,Dine-In Available,Serves Non Veg,Serves Alcohol,Shisha Available,Nightlife,Live Sports Screening",https://www.zomato.com/vaultcafecp,581
301665,White Waters,+91 9999801454 +91 9999801339,"C 39, First Floor, Opposite Odeon Cinema,Connaught Place, New DelhiIndia",,,,",",,,https://www.zomato.com/ncr/white-waters-connaught-place-new-delhi,672
6174,Gulnar - Hotel Janpath,011 23340070,"HotelJanpath, Janpath Road, New DelhiIndia",,,,",",,,https://www.zomato.com/ncr/gulnar-hotel-janpath-janpath-new-delhi,5
4369,"Chutney, Bar + Tandoor - The Metropolitan Hotel & Spa",011 42500200,"The Metropolitan Hotel & Spa, Bangla Sahib Road,Connaught Place, New DelhiIndia",,,,",",,,https://www.zomato.com/ncr/chutney-bar-tandoor-the-metropolitan-hotel-spa-connaught-place-delhi,10
4370,Zing - The Metropolitan Hotel & Spa,011 42500200,"The Metropolitan Hotel & Spa, Bangla Sahib Road,Connaught Place, New DelhiIndia",,,,"Fine Dining,","Continental,Italian",",",https://www.zomato.com/ncr/zing-the-metropolitan-hotel-spa-connaught-place-delhi,12
310463,Sbarro,011 33105919,"N-4, N Block,Connaught Place, New DelhiIndia",,,,",",,,https://www.zomato.com/ncr/sbarro-1-connaught-place-new-delhi,179
870,Nizam's Kathi Kabab,011 23713078 011 41513461,"H 5 & 6, Plaza Building,Connaught Place, New DelhiIndia",Rs. 900 for two people (approx.),11 AM to 11 PM,Their kathi rolls and kebabs,"Casual Dining,","North Indian,Street Food","No Home Delivery,Dine-In Available,Serves Non Veg,Bar Not Available,Air Conditioned",https://www.zomato.com/ncr/nizams-kathi-kabab-connaught-place-delhi,496
5844,Rama Meat Pulao,011 23417230 +91 9250598378,"12881, K Block, Minto Road,Connaught Place, New DelhiIndia",,,,",",,,https://www.zomato.com/ncr/rama-meat-pulao-connaught-place-new-delhi,11
305440,Pabrai's,+91 9903888441 +91 9811506699,"84 & 85, Municipal Market, Outer Circle,Connaught Place, New DelhiIndia",,,,",",,,https://www.zomato.com/ncr/pabrais-fresh-naturelle-ice-cream-connaught-place-new-delhi,16
3240,Island Bar -  Shangri-La's - Eros Hotel,011 33105550,"Shangri-La's Eros Hotel, 19, Ashoka Road,Connaught Place, New DelhiIndia",,,,",",,,https://www.zomato.com/ncr/island-bar-shangri-las-eros-hotel-connaught-place-new-delhi,
6284,Bangla Sweet House,011 23362257 011 23344371,"115-117, Bangla Sahib Marg,Connaught Place, New DelhiIndia",,,,",",,,https://www.zomato.com/ncr/bangla-sweet-house-connaught-place-new-delhi,12
306102,Cocoberry,011 41823682,"A 23, Inner Circle,Connaught Place, New DelhiIndia",,,,",",,,https://www.zomato.com/ncr/cocoberry-1-connaught-place-new-delhi,19
301315,Dhaba Express,011 45652626,"G 26, Middle Circle,Connaught Place, New DelhiIndia",,,,",",,,https://www.zomato.com/ncr/dhaba-express-connaught-place-new-delhi,14
300668,Giani's,011 41516700 +91 8130689999,"A 22, Middle Circle, A Block Petrol Pump,Connaught Place, New DelhiIndia",,,,",",,,https://www.zomato.com/ncr/gianis-1-connaught-place-new-delhi,10
6357,Delhi Darbar Dhaba,011 23324300 011 23350451,"7, N.D.M.C. Market, Babar Road, Near Bengali Market,Connaught Place, New DelhiIndia",,,,",",,,https://www.zomato.com/ncr/delhi-darbar-dhaba-connaught-place-new-delhi,
4492,The Connaught Bar - Radisson Blu Marina,011 46909090,"Radisson Blu Marina Hotel, Connaught Circus,Connaught Place, New DelhiIndia",,,,",",,,https://www.zomato.com/ncr/the-connaught-bar-radisson-blu-marina-connaught-place-delhi,
2771,Fire - The Park,011 33106146,"The Park, 15, Parliament Street,Connaught Place, New DelhiIndia",,,,",",,,https://www.zomato.com/ncr/fire-the-park-connaught-place-new-delhi,21
301671,Pandey's Paan,011 23094043 +91 9013447404,"3, New MP's Market, Near RML Hospital, North Avenue,Connaught Place, New DelhiIndia",,,,",",,,https://www.zomato.com/ncr/pandeys-paan-connaught-place-new-delhi,13
309802,Halka Fulka,+91 9899281555,"C 30, Inner Circle,Connaught Place, New DelhiIndia",,,,",",,,https://www.zomato.com/ncr/halka-fulka-connaught-place-new-delhi,26
305168,Foody Night,+91 9811777727 +91 9899777727,"Connaught Place, New DelhiIndia",,,,",",,,https://www.zomato.com/ncr/foody-night-connaught-place-new-delhi,14
6600,Nero - Le Meridien,011 23710101,"Le Meridien, Windsor Place,Connaught Place, New DelhiIndia",,,,",",,,https://www.zomato.com/ncr/nero-le-meridien-connaught-place-delhi,
1896,Jain Chawal Wale,,"P1/190, Connaught Circus,Connaught Place, New DelhiIndia",,,,",",,,https://www.zomato.com/ncr/jain-chawal-wale-connaught-place-new-delhi,21
307622,Maharashtra Sadan,011 23380309 011 23387285,"Behind Baroda House, Kasturbha Gandhi Marg,Connaught Place, New DelhiIndia",,,,",",,,https://www.zomato.com/ncr/maharashtra-sadan-connaught-place-new-delhi,29
307538,Knight Rider,011 41528141 +91 9899744947,"B 45-47, 1st Floor, Near PVR Plaza,Connaught Place, New DelhiIndia",,,,",",,,https://www.zomato.com/ncr/knight-rider-connaught-place-new-delhi,31
3377,Nyx - The Royal Plaza,011 43555555 +91 8130368000,"The Royal Plaza, 19, Ashoka Road,Connaught Place, New DelhiIndia",,,,",",,,https://www.zomato.com/ncr/nyx-the-roya-plaza-connaught-place-delhi,9
307271,Attitude Kitchen & Bar,011 47078877 011 43760037,"N 12, Outer Circle,Connaught Place, New DelhiIndia",,,,",",,,https://www.zomato.com/ncr/attitude-kitchen-bar-connaught-place-new-delhi,27
7150,Sachdeva Confectioners,011 33105516,"1, Gandhi Market, Mirdard Road, Minto Road, NearConnaught Place, New Delhi110002",,,,",",,,https://www.zomato.com/ncr/sachdeva-confectioners-connaught-place-new-delhi,20
104,Woks - The Lalit New Delhi,011 33105100,"The Lalit, Barakhamba Avenue,Connaught Place, New DelhiIndia",,,,",",,,https://www.zomato.com/ncr/woks-the-lalit-new-delhi-connaught-place-delhi,17
309110,The Grill Room - The Lalit New Delhi,011 33105382,"The Lalit New Delhi, Barakhamba Avenue,Connaught Place, New DelhiIndia",,,,",",,,https://www.zomato.com/ncr/the-grill-room-the-lalit-new-delhi-connaught-place-new-delhi,11
7136,York,011 23415481 011 23415819,"Hotel York, K 10 & 11,Connaught Place, New DelhiIndia",,,,",",,,https://www.zomato.com/ncr/york-connaught-place-delhi,28
306068,Angel's Feast,,"Regal Building, Connaught Circus,Connaught Place, New DelhiIndia",,,,",",,,https://www.zomato.com/ncr/angels-feast-connaught-place-new-delhi,
301307,Handi Chhadeyan Di,011 64599426 011 64599427,"59, Municipal Market, Connaught Circus,Connaught Place, New DelhiIndia",,,,",",,,https://www.zomato.com/ncr/handi-chhadeyan-di-connaught-place-delhi,27
311778,Peshawari Dhaba,011 66724302,"S-5, Palika Bazar,Connaught Place, New Delhi110001",,,,",",,,https://www.zomato.com/ncr/peshawari-dhaba-connaught-place-new-delhi,1
8250,Guru Ki Rasoi,+91 9810634987,"18, Plaza Bus Stop, Kashmiri Market,Connaught Place, New DelhiIndia",,,,",",,,https://www.zomato.com/ncr/guru-ki-rasoi-connaught-place-delhi,
306101,The Baker's Oven,,"B1, Next to Malik Sweets, Regal Building,Connaught Place, New DelhiIndia",,,,",",,,https://www.zomato.com/ncr/the-bakers-oven-connaught-place-delhi,
7746,Shudh Vegetarian,011 23347885 +91 9899325996,"3, Mohan Singh Place,Connaught Place, New DelhiIndia",,,,",",,,https://www.zomato.com/ncr/shudh-vegetarian-connaught-place-delhi,
300588,Chander Restaurant,011 23713966 +91 9811613380,"94, Scindia House, Behind Prem Nath Motor Corporation,Connaught Place, New DelhiIndia",,,,",",,,https://www.zomato.com/ncr/chander-restaurant-connaught-place-delhi,
940,Royal Restaurant,011 23411338 011 65390404,"81, Municipal Market, Connaught Circus,Connaught Place, New DelhiIndia",,,,",",,,https://www.zomato.com/ncr/royal-restaurant-connaught-place-new-delhi,33
310200,Panchhi Petha,011 23327171 +91 9910033324,"Shop 101, Municipal Market, Outer Circus, Opposite To Haldirams,Connaught Place, New Delhi110001",,,,",",,,https://www.zomato.com/panchhi,
300584,Shan E Dilli,+91 9818923468 +91 9811232634,"148, Scindia House, Behind Prem Nath Motor Corporation,Connaught Place, New DelhiIndia",,,,",",,,https://www.zomato.com/ncr/shan-e-dilli-connaught-place-delhi,
310578,Vijay Chicken Corner,+91 8806522090 +91 9958428269,"1, Kashmiri Market,Connaught Place, New DelhiIndia",,,,",",,,https://www.zomato.com/ncr/vijay-chicken-corner-connaught-place-new-delhi,
7778,The Chancellor Bar,011 23364225 011 23742842,"The Connaught Hotel 37, Next to Shivaji Stadium, Shaheed Bhagat Singh Marg,Connaught Place, New DelhiIndia",,,,",",,,https://www.zomato.com/ncr/the-chancellor-bar-connaught-place-delhi,
309311,Deli 21,011 43518788,"GF 1, 21, Naurang House, Kasturba Gandhi Marg,Connaught Place, New DelhiIndia",,,,",",,,https://www.zomato.com/ncr/deli-21-connaught-place-new-delhi,
311871,Pappu Chat Bhandar,+91 9810227770,"19, Ground Floor, Suryakiran Building, Kasturba Gandhi Marg,Connaught Place, New DelhiIndia",,,,",",,,https://www.zomato.com/ncr/pappu-chat-bhandar-connaught-place-new-delhi,
1513,Corner Cafe,011 41516380,"G25, Connaught Circus,Connaught Place, New DelhiIndia",,,,",",,,https://www.zomato.com/ncr/corner-cafe-connaught-place-delhi,
311840,Bangla Sweet n Spice,011 23340123 011 23360123,"123, Bangla Sahib Marg,Connaught Place, New DelhiIndia",,,,",",,,https://www.zomato.com/ncr/bangla-sweet-n-spice-connaught-place-new-delhi,
8256,Aggarwal Restaurant,011 41513146,"H-20, Behind PVR Plaza Cinema,Connaught Place, New DelhiIndia",,,,",",,,https://www.zomato.com/ncr/aggarwal-restaurant-connaught-place-new-delhi,
3956,Surang Coffee Shop,+91 9958870250 011 23344000,"Hotel Alka, Outer Circle,Connaught Place, New DelhiIndia",,,,",",,,https://www.zomato.com/ncr/surang-coffee-shop-connaught-place-delhi,
2503,Kalpana Restaurant,011 23359504,"G 28, Connaught Circle,Connaught Place, New DelhiIndia",,,,",",,,https://www.zomato.com/ncr/kalpana-restaurant-connaught-place-new-delhi,2
7780,Tiffany - The Snack Bar,011 23364225 011 23742842,"The Connaught Hotel 37, Next to Shivaji Stadium, Shaheed Bhagat Singh Marg,Connaught Place, New DelhiIndia",,,,",",,,https://www.zomato.com/ncr/tiffany-the-snack-bar-connaught-place-delhi,
307486,Spice & Flavours,+91 9971482614 +91 9971482617,"N 33/5, Middle Circle,Connaught Place, New DelhiIndia",,,,",",,,https://www.zomato.com/ncr/spice-flavours-connaught-place-delhi,6
309905,Dee Lazeez,+91 8585909432 +91 8585909397,"P 23/90, Opposite Shivaji Stadium, Connaught Circle,Connaught Place, New DelhiIndia",,,,",",,,https://www.zomato.com/ncr/dee-lazeez-connaught-place-new-delhi,
307305,Keuchen Paradise,+91 8826728282,"K 21, Near Adidas Showroom,Connaught Place, New DelhiIndia",,,,",",,,https://www.zomato.com/ncr/keuchen-paradise-connaught-place-new-delhi,
1890,Tewari Bros Confectioners,011 23413313 011 23411765,"73, Municipal Market, Connaught Circus,Connaught Place, New DelhiIndia",,,,",",,,https://www.zomato.com/ncr/tewari-bros-confectioners-connaught-place-new-delhi,3
3209,Caramelo - The Hans,011 23316861 011 23316868,"The Hans, 15, Barakhamba Road,Connaught Place, New DelhiIndia",,,,",",,,https://www.zomato.com/ncr/caramelo-the-hans-connaught-place-delhi,4
4365,Lord William Tea Lounge - The Royal Plaza,011 43555555,"The Royal Plaza, 19, Ashoka Road,Connaught Place, New DelhIndia",,,,",",,,https://www.zomato.com/ncr/lord-william-tea-lounge-the-royal-plaza-connaught-place-delhi,3
4364,Onyx Bar - The Royal Plaza,011 43555555,"The Royal Plaza, 19, Ashoka Road,Connaught Place, New DelhiIndia",,,,",",,,https://www.zomato.com/ncr/onyx-bar-the-royal-plaza-connaught-place-delhi,2
66,Embassy,011 23416434 +91 9311085132,"11 D,Connaught Place, New DelhiIndia",Rs. 1200 for two people (approx.),11 AM to 11 PM,Being one of Delhi's oldest restaurants,"Casual Dining,","North Indian,Continental","No Home Delivery,Dine-In Available,Serves Non Veg,Serves Alcohol,Air Conditioned",https://www.zomato.com/ncr/embassy-connaught-place-new-delhi,138
302496,Malik Sweets,011 23347259,"1 B, Regal Building,Connaught Place, New DelhiIndia",,,,",",,,https://www.zomato.com/ncr/malik-sweets-connaught-place-delhi,6
308244,Quote - The Eclectic Bar and Lounge,011 33105096,"2nd Floor, 44 Regal Cinema Complex, Outer Circle,Connaught Place, New DelhiIndia",,,,",",,,https://www.zomato.com/TheQuoteBar,93
303242,Twenty Four Seven,011 41536167,"15, Regal Building,Connaught Place, New DelhiIndia",,,,",",,,https://www.zomato.com/ncr/twenty-four-seven-connaught-place-delhi,
2913,Gola Sizzlers,011 33106129,"K 24, Opposite PVR Plaza Cinema,Connaught Place, New DelhiIndia",,,,",",,,https://www.zomato.com/ncr/gola-sizzlers-connaught-place-delhi,178
300573,Bangla Pastry Shop,011 23348899 011 23361246,"111-113, Bangla Sahib Marg,Connaught Place, New DelhiIndia",,,,",",,,https://www.zomato.com/ncr/bangla-pastry-shop-connaught-place-new-delhi,6
306913,Caffe 9,011 33107887,"P 15,Connaught Place, New Delhi110001",,,,",",,,https://www.zomato.com/ncr/caffe-9-connaught-place-new-delhi,322
309664,Caffe Tonino,011 23320081 011 41528042,"First Floor, PVR Plaza Building, H Block,Connaught Place, New DelhiIndia",Rs. 1500 for two people (approx.),8:30 AM to 12 Midnight,A good place for breakfast and a diverse Italian spread,"Casual Dining,","Italian,Pizza","Home Delivery,Dine-In Available,Serves Non Veg,Serves Alcohol,Air Conditioned,Breakfast",https://www.zomato.com/ncr/caffe-tonino-connaught-place-new-delhi,121
3394,Zaffran,011 64726598 011 45460000,"Hotel Palace Heights, D 26/28,Connaught Place, New DelhiIndia",,"12 Noon to 3:30 PM, 7 PM to 12 Midnight",Good Mughlai food and cosy family dining establishment,"Casual Dining,","North Indian,Mughlai","No Home Delivery,Dine-In Available,Serves Non Veg,Serves Alcohol,Air Conditioned,Wifi Available",https://www.zomato.com/ncr/zaffran-connaught-place-new-delhi,237
1800,Veda,011 41513535 011 41513940,"H 27, Outer Circle,Connaught Place, New DelhiIndia",,,,",",,,https://www.zomato.com/ncr/veda-connaught-place-delhi,263
7713,Ardor,011 33106222,"N 55 to 56 & 88 to 89, Outer Circle,Connaught Place, New DelhiIndia",,,,",",,,https://www.zomato.com/ncr/ardor-connaught-place-new-delhi,423
1914,Bengali Sweet House,011 23319224 011 23311855,"27-33, Bengali Market,Connaught Place, New DelhiIndia",Rs. 400 for two people (approx.),8 AM to 11 PM,Its street food and sweets collection,"Dessert Parlor,Quick Bites","North Indian,South Indian,Street Food,Desserts","Home Delivery,Seating Available,Vegetarian Only,Bar Not Available,Air Conditioned,Sweet Shop,Desserts and Bakes,Meal Coupon",https://www.zomato.com/ncr/bengali-sweet-house-connaught-place-new-delhi,121
7413,Boombox Cafe,011 33106262,"F43, Inner Circle,Connaught Place, New DelhiIndia",,,,",",,,https://www.zomato.com/ncr/boombox-cafe-connaught-place-new-delhi,277
3703,Side Wok,011 43509122 011 43509133,"P 21/90, Outer Circle,Connaught Place, New DelhiIndia",,12 Noon to 12 Midnight,Its wide range of Pan Asian cuisine form Chinese to Vietnamese mixed with an authentic ambience,"Casual Dining,","Burmese,Chinese,Japanese,Malaysian,Thai",",",https://www.zomato.com/ncr/side-wok-connaught-place-delhi,201
930,Zen,011 33105848,"B-25,Connaught Place, New DelhiIndia",,,,",",,,https://www.zomato.com/ncr/zen-connaught-place-new-delhi,318
3168,Blues,011 43760039 +91 9810120995,"N 18, Outer Circle, Opposite Katurbha Gandhi Marg,Connaught Place, New DelhiIndia",,12 Noon to 12 Midnight,Good music and music-themed ambiance,"Pub,","North Indian,Continental,American",",",https://www.zomato.com/ncr/blues-connaught-place-new-delhi,162
309859,Pebble Street,+91 9810060917,"61-62,  N Block, Outer Circle,Connaught Place, New DelhiIndia",,,,",",,,https://www.zomato.com/ncr/pebble-street-connaught-place-new-delhi,111
1064,Rodeo,011 23713780 011 23713781,"A 12, Inner Circle,Connaught Place, New DelhiIndia",,,,",",,,https://www.zomato.com/ncr/rodeo-connaught-place-new-delhi,323
309073,Zizo,011 33106056,"K 18,22,Connaught Place, New DelhiIndia",,,,",",,,https://www.zomato.com/ncr/zizo-connaught-place-new-delhi,168
5910,Movida Cafe & Bar,011 33105151,"M 38, Outer Circle,Connaught Place, New Delhi110001",,,,",",,,https://www.zomato.com/ncr/movida-cafe-connaught-place-new-delhi,258
5738,Shake Square,+91 9810121681,"A 17, Near Wenger's, Inner Circle,Connaught Place, New DelhiIndia",Rs. 300 for two people (approx.),10 AM to 11:30 PM,A varied range of desserts and bottled shakes,"Dessert Parlor,Quick Bites","Desserts,Fast Food","No Home Delivery,Dine-In Not Available,Vegetarian Only,Bar Not Available,Desserts and Bakes",https://www.zomato.com/ncr/shake-square-connaught-place-new-delhi,290
7367,Khan Chacha,011 43036111 011 23418028,"D 3,Connaught Place, New DelhiIndia",,,,",",,,https://www.zomato.com/ncr/khan-chacha-connaught-place-new-delhi,245
1127,Castle 9,+91 9899744947 +91 9811046609,"B 45/47, 1st Floor, Near PVR Plaza,Connaught Place, New DelhiIndia",,,,",",,,https://www.zomato.com/ncr/castle-9-connaught-place-new-delhi,253
2504,Pind Balluchi,+91 8010202020 011 43720509,"13, Regal Building,Connaught Place, New DelhiIndia",,,,",",,,https://www.zomato.com/ncr/pind-balluchi-connaught-place-new-delhi,354
5963,Sura Vie ,+91 8826844591 +91 8826844596,"1 Scindia House, Janpath,Connaught Place, New DelhiIndia",,,,",",,,https://www.zomato.com/ncr/sura-vie-lounge-connaught-place-delhi,286
8911,The Beer Cafe,011 43528754,"1/2, Scindia House, Janpath Road,Connaught Place, New DelhiIndia",Rs. 1200 for two people (approx.),11 AM to 1 AM,Their elaborate beer menu,"Pub,","Finger Food,North Indian,Chinese,Italian","No Home Delivery,Dine-In Available,Serves Non Veg,Serves Alcohol,Air Conditioned,Wifi Available,Nightlife",https://www.zomato.com/ncr/the-beer-cafe-connaught-place-new-delhi,279
2769,Aqua - The Park,011 33105801,"The Park, 15, Parliament Street,Connaught Place, New DelhiIndia",,,,",",,,https://www.zomato.com/ncr/aqua-the-park-connaught-place-delhi,178
2298,Haldiram's,011 47685300 011 47685301,"L 6, Outer Circle,Connaught Place, New DelhiIndia",Rs. 400 for two people (approx.),10 AM to 10:30 PM,Their economical vegetarian food and variety of Indian sweets,"Dessert Parlor,Quick Bites","Desserts,Street Food,North Indian,South Indian,Chinese","No Home Delivery,Dine-In Available,Vegetarian Only,Bar Not Available,Air Conditioned,Sweet Shop,Desserts and Bakes,Breakfast",https://www.zomato.com/ncr/haldirams-connaught-place-new-delhi,170
301114,Wenger's Deli,011 23328589,"A 18, Radial Road,Connaught Place, New DelhiIndia",,,,",",,,https://www.zomato.com/ncr/wengers-deli-connaught-place-new-delhi,277
9747,Life Caffe,+91 9958966357 +91 9818310055,"The Corus, B 49, Inner Circle,Connaught Place, New DelhiIndia",,,,",",,,https://www.zomato.com/ncr/life-caffe-connaught-place-new-delhi,79
2768,Agni - The Park,011 33106142,"The Park, 15, Parliament Street,Connaught Place, New DelhiIndia",,,,",",,,https://www.zomato.com/ncr/agni-the-park-connaught-place-new-delhi,36
177,McDonald's,011 66000666,"P-14,Connaught Place, New DelhiIndia",,,,",",,,https://www.zomato.com/ncr/mcdonalds-3-connaught-place-new-delhi,48
4493,The Great Kabab Factory - Radisson Blu Marina,011 46909090,"Radisson Blu Marina Hotel, Connaught Circus,Connaught Place, New DelhiIndia",,,,",",,,https://www.zomato.com/ncr/the-great-kabab-factory-radisson-blu-marina-connaught-place-delhi,74
1286,Rajdhani Thali Restaurant,011 43501200,"9 A, Atmaram Mansion, Scindia House,Connaught Place, New DelhiIndia",Rs. 900 for two people (approx.),"12 Noon to 3:30 PM, 7 PM to 11 PM",Its Rajasthani thali,"Casual Dining,","Gujarati,Rajasthani",,https://www.zomato.com/ncr/rajdhani-connaught-place-new-delhi,307
307373,The China House by Q'BA,011 43560008,"K 12, Outer Circle,Connaught Place, New DelhiIndia",,,,",",,,https://www.zomato.com/ncr/the-china-house-by-qba-connaught-place-new-delhi,59
596,Cafe Coffee Day,+91 9891754100,"4, Rajiv Chowk,Connaught Place, New DelhiIndia",,,,",",,,https://www.zomato.com/ncr/cafe-coffee-day-1-connaught-place-new-delhi,61
905,Taste of China,011 43760038 +91 9910731666,"N 18, Outer Circle, Opposite Kasturbha Gandhi Marg,Connaught Place, New DelhiIndia",,,,",",,,https://www.zomato.com/ncr/taste-of-china-connaught-place-new-delhi,89
310490,Indian Grill Company,011 33106258,"M-48, Outer Circle,Connaught Place, New DelhiIndia",,,,",",,,https://www.zomato.com/ncr/indian-grill-company-connaught-place-new-delhi,79
2500,Bhape Da Hotel,+91 9811921616,"75, Municipal Market,Connaught Place, New DelhiIndia",,,,",",,,https://www.zomato.com/ncr/bhape-da-hotel-connaught-place-new-delhi,102
304744,Coffee Home,011 23363813,"Baba Kharak Singh Marg,Connaught Place, New DelhiIndia",Rs. 350 for two people (approx.),11 AM to 8 PM,"Quick bites at pocket friendly prices, and outdoor seating","Quick Bites,","Fast Food,South Indian","No Home Delivery,Seating Available,Serves Non Veg,Bar Not Available,Outdoor Seating",https://www.zomato.com/ncr/coffee-home-connaught-place-new-delhi,75
143,Domino's Pizza,011 68886888 011 23415879,"M 42, Connaught Circus,Connaught Place, New DelhiIndia",,,,",",,,https://www.zomato.com/ncr/dominos-pizza-connaught-place-new-delhi,52
1516,The Host,011 23316576 011 23316381,"F8, Inner Circle,Connaught Place, New DelhiIndia",,,,",",,,https://www.zomato.com/ncr/the-host-connaught-place-delhi,92
306097,Gola's BBQ King,011 33105456,"L 22, Near Odeon Cinema,Connaught Place, New DelhiIndia",,,,",",,,https://www.zomato.com/BBQKingCP,69
308804,China Garden,011 23413456 011 23413458,"G 4/5/6, Marina Arcade,Connaught Place, New DelhiIndia",,,,",",,,https://www.zomato.com/ncr/china-garden-connaught-place-new-delhi,118
8916,Sarvam Safari,011 33106272,"Shahid Bhagat Singh Place, Next To Metropolitian Hotel,Connaught Place, New Delhi110001",,,,",",,,https://www.zomato.com/Sarvamsafari,70
588,Nathu's Sweets,011 23719784 011 23717313,"23-25, Bengali Market,Connaught Place, New DelhiIndia",,,,",",,,https://www.zomato.com/ncr/nathus-sweets-connaught-place-new-delhi,82
249,Pizza Hut,011 43561845 011 42561846,"M 20, Outer Circle,Connaught Place, New DelhiIndia",,,,",",,,https://www.zomato.com/ncr/pizza-hut-connaught-place-new-delhi,110
320,Sagar Ratna,011 23412470 011 23417455,"K 15,Connaught Place, New DelhiIndia",,,,",",,,https://www.zomato.com/ncr/sagar-ratna-connaught-place-new-delhi,99
307036,Excuse Me Boss,011 43507899 011 43505899,"F 14 & 15, Middle Circle,Connaught Place, New Delhi110001",Rs. 1400 for two people (approx.),11 AM to 12:30 AM,Chicken Skewers,"Bar,Casual Dining","Continental,North Indian,Chinese,Mediterranean","No Home Delivery,Dine-In Available,Serves Non Veg,Serves Alcohol,Air Conditioned,Wifi Available,Live Performances,Smoking Area,Breakfast,Nightlife",https://www.zomato.com/ncr/excuse-me-boss-connaught-place-new-delhi,132
3910,24/7 Restaurant - The Lalit New Delhi,011 33106306,"The Lalit, Barakhamba Avenue,Connaught Place, New DelhiIndia",Rs. 5000 for two people (approx.),24 Hours,Its breakfast buffets and late night eats,"Fine Dining,","Continental,North Indian,Italian,Sushi,Chinese","No Home Delivery,Dine-In Available,Serves Non Veg,Full Bar Available,Air Conditioned,Outdoor Seating,Breakfast,Luxury Dining",https://www.zomato.com/ncr/24-7-restaurant-the-lalit-new-delhi-connaught-place-new-delhi,89
3937,The One - Le Meridien,011 23710101,"Le Meridien, Windsor Place,Connaught Place, New DelhiIndia",,,,",",,,https://www.zomato.com/ncr/the-one-le-meridien-connaught-place-new-delhi,69
311369,Tamra - Shangri-La's Eros Hotel,011 33106422,"Shangri-La's Eros Hotel, 19, Ashoka Road,Connaught Place, New DelhiIndia",,,,",",,,https://www.zomato.com/ncr/tamra-shangri-las-eros-hotel-connaught-place-new-delhi,30
931,KFC,011 41516307,"A Block, Inner Circle,Connaught Place, New DelhiIndia",,,,",",,,https://www.zomato.com/ncr/kfc-connaught-place-new-delhi,112
245,Nirula's,011 41230404,"K 14, Outer Circle,Connaught Place, New DelhiIndia",,11 AM to 1 AM,Legendary outlet known for Ice Creams and quick bites,"Dessert Parlor,","Fast Food,North Indian,Desserts,Ice Cream","Home Delivery,Dine-In Available,Serves Non Veg,Bar Not Available,Air Conditioned,Wifi Available,Desserts and Bakes,Meal Coupon",https://www.zomato.com/ncr/nirulas-connaught-place-new-delhi,124
310365,"SKY, New Delhi",011 43555555,"Rooftop, The Royal Plaza, 19, Ashoka Road,Connaught Place, New DelhiIndia",,,,",",,,https://www.zomato.com/ncr/sky-lounge-bar-grill-the-royal-plaza-connaught-place-new-delhi,66
307669,Irezumi,+91 9643408798 011 23385574,"22 A,  JLG House, 3rd Floor, Beside Le Meridien, Above Jaguar Showroom, Janpath Road,Connaught Place, New Delhi110001",,,,",",,,https://www.zomato.com/ncr/irezumi-connaught-place-new-delhi,32
309705,Prime Street Cafe,011 43596623 +91 9711147345,"12 & 13, F Block, Inner Circle,Connaught Place, New DelhiIndia",,,,",",,,https://www.zomato.com/ncr/prime-street-cafe-connaught-place-new-delhi,23
2776,Sakura - The Metropolitan Hotel & Spa,011 42500200,"The Metropolitan Hotel & Spa, Bangla Sahib Road,Connaught Place, New DelhiIndia",,,,",",,,https://www.zomato.com/ncr/sakura-the-metropolitan-hotel-spa-connaught-place-delhi,25
301014,Yamu's Panchayat,011 23414644,"92, NDMC Market, Opposite Haldiram's,Connaught Place, New DelhiIndia",,,,",",,,https://www.zomato.com/ncr/yamus-panchayat-connaught-place-new-delhi,33
53,Amber,011 43215555 011 23736485,"N19,Connaught Place, New DelhiIndia",,,,",",,,https://www.zomato.com/ncr/amber-connaught-place-new-delhi,43
302156,Subway,011 41521951 011 41521952,"M 8,Connaught Place, New DelhiIndia",,,,",",,,https://www.zomato.com/ncr/restaurants/central-delhi/connaught-place/subway-302156,39
300658,Hira Sweets,011 23418632 011 23418666,"K 19 & 21,Connaught Place, New DelhiIndia",,,,",",,,https://www.zomato.com/ncr/hira-sweets-connaught-place-new-delhi,32
8340,Nathu's Pastry Shop,011 23323121,"12 & 13, Bengali Market,Connaught Place, New DelhiIndia",,,,",",,,https://www.zomato.com/ncr/nathus-pastry-shop-connaught-place-new-delhi,23
3699,Chicago Pizza,011 43521643,"A 23, Behind Wenger's, Inner Circle,Connaught Place, New DelhiIndia",,,,",",,,https://www.zomato.com/ncr/chicago-pizza-connaught-place-new-delhi,43
907,Tee Pee O Restaurant,011 23361550 +91 9891071200,"118-119, Mohan Singh Place,Connaught Place, New DelhiIndia",,,,",",,,https://www.zomato.com/ncr/tee-pee-o-restaurant-connaught-place-new-delhi,49
3957,Madras Coffee House,011 23363074,"P 5/90, Outer Circle,Connaught Place, New DelhiIndia",,,,",",,,https://www.zomato.com/ncr/madras-coffee-house-connaught-place-delhi,47
301653,Kebab Xpress,011 33107875,"N 5, Ground Floor, Opposite Palika Market Gate 5,Connaught Place, New DelhiIndia",,,,",",,,https://www.zomato.com/ncr/kebab-xpress-1-connaught-place-new-delhi,41
574,Deez Biryani & Kebabs,011 23415555 +91 9716442222,"M13,Connaught Place, New DelhiIndia",,,,",",,,https://www.zomato.com/ncr/deez-biryani-kebabs-connaught-place-new-delhi,34
7765,Vega Pure Vegetarian,+91 9811835770 011 23344328,"Hotel Alka, Outer Circle,Connaught Place, New DelhiIndia",,,,",",,,https://www.zomato.com/ncr/vega-pure-vegetarian-connaught-place-new-delhi,55
307485,Mughlai Junction,011 33105222,"N 33/10, Middle Circle,Connaught Place, New DelhiIndia",,,,",",,,https://www.zomato.com/ncr/mughlai-junction-connaught-place-new-delhi,40
3246,Le Belvedere - Le Meridien,011 23710101,"Le Meridien, Windsor Place,Connaught Place, New DelhiIndia",,,,",",,,https://www.zomato.com/ncr/le-belvedere-le-meridien-connaught-place-new-delhi,32
4383,Fifty9 - Radisson Blu Marina,011 46909090,"Radisson Blu Marina Hotel, Connaught Circus,Connaught Place, New DelhiIndia",,,,",",,,https://www.zomato.com/ncr/fifty-9-radisson-blu-marina-connaught-place-delhi,33
308181,TC Bar & Restaurant,+91 9717747080,"First Floor, M66, Outer Circle,Connaught Place, New DelhiIndia",,,,",",,,https://www.zomato.com/ncr/tc-bar-restaurant-connaught-place-new-delhi,47
2770,Mist - The Park,011 33106145,"The Park, 15, Parliament Street,Connaught Place, New DelhiIndia",,,,",",,,https://www.zomato.com/ncr/mist-the-park-connaught-place-new-delhi,57
5608,SSKY Bar & Lounge,011 33105027,"Antariksh Bhavan, 22, Kasturba Gandhi Marg,Connaught Place, New DelhiIndia",,,,",",,,https://www.zomato.com/ncr/ssky-bar-lounge-connaught-place-new-delhi,13
121,Kwality,011 23742310 011 23742352,"7, Regal Building,Connaught Place, New DelhiIndia",,,,",",,,https://www.zomato.com/ncr/kwality-connaught-place-new-delhi,56
1883,Delhi Darbar,011 23417527 011 23416290,"L9, Connaught Circus,Connaught Place, New DelhiIndia",,,,",",,,https://www.zomato.com/ncr/delhi-darbar-connaught-place-new-delhi,68
306925,Cocoa By Belgique,011 43539527 +91 9818186247,"N-96, Outer Circle, Above Caf Blue,Connaught Place, New DelhiIndia",,,,",",,,https://www.zomato.com/ncr/cocoa-by-belgique-connaught-place-new-delhi,75
897,Pioneer's Flavours of China,011 41513523 011 23321489,"Pioneer Crockery House, H 40, Outer Circle,Connaught Place, New DelhiIndia",,,,",",,,https://www.zomato.com/ncr/pioneers-flavours-of-china-connaught-place-new-delhi,67
3235,Eau De Monsoon - Le Meridien,011 23710101 011 23712053,"Le Meridien, Windsor Place,Connaught Place, New DelhiIndia",,,,",",,,https://www.zomato.com/ncr/eau-de-monsoon-le-meridien-connaught-place-delhi,25
6281,National Restaurant,011 65410327,"82 & 83, NDMC Market,Connaught Place, New DelhiIndia",Rs. 450 for two people (approx.),11 AM to 11 PM,Tasty North Indian food,"Quick Bites,",North Indian,"No Home Delivery,Dine-In Available,Serves Non Veg,Bar Not Available",https://www.zomato.com/ncr/national-restaurant-connaught-place-delhi,61
300671,Knight - Castle 9,+91 9899744947 +91 8470862306,"B 45/47, 1st Floor, Near PVR Plaza,Connaught Place, New DelhiIndia",,,,",",,,https://www.zomato.com/ncr/knight-castle-9-connaught-place-new-delhi,75
2725,The Spice Route - The Imperial,011 41116605,"The Imperial,Janpath, New DelhiIndia",Rs. 6000 for two people (approx.),"12:30 PM to 2:45 PM, 7 PM to 11:45 PM",Its authentic decor along with Pan Asian delicacies,"Fine Dining,","Malaysian,Thai,Kerala,Vietnamese,Sri Lankan","No Home Delivery,Dine-In Available,Serves Non Veg,Serves Alcohol,Air Conditioned,Outdoor Seating,Luxury Dining",https://www.zomato.com/ncr/the-spice-route-the-imperial-janpath-new-delhi,54
1204,Kaleva,011 23365125 011 28844002,"109, Bangla Saheb Marg,Gole Market, New DelhiIndia",,,,",",,,https://www.zomato.com/ncr/kaleva-gole-market-delhi,43
2727,San Gimignano - The Imperial,011 41116608,"The Imperial,Janpath, New DelhiIndia",,,,",",,,https://www.zomato.com/ncr/san-gimignano-the-imperial-janpath-new-delhi,22
1882,Bangla Foods,011 23361246 011 23348899,"111 To 113, Bangla Sahib Marg,Gole Market, New DelhiIndia",,,,",",,,https://www.zomato.com/ncr/bangla-foods-gole-market-delhi,44
310444,Kitchen Cafe Roof Top Restaurant,011 41824386 011 43080576,"Hotel Shelton, 5043, Main Bazar,Paharganj, New DelhiIndia",,,,",",,,https://www.zomato.com/ncr/kitchen-cafe-roof-top-restaurant-paharganj-new-delhi,21
2724,1911 - The Imperial,011 41116602 011 41116604,"The Imperial,Janpath, New DelhiIndia",,,,",",,,https://www.zomato.com/ncr/1911-the-imperial-janpath-delhi,61
301534,Bijoli Grill,011 33105390,"3, Hailey Road, Banga Bhawan,Barakhamba Road, New DelhiIndia",Rs. 650 for two people (approx.),"1 PM to 4 PM, 5:30 PM to 10:30 PM",Authentic and delicious Bengali food,"Casual Dining,","Bengali,North Indian","No Home Delivery,Dine-In Available,Serves Non Veg,Bar Not Available,Air Conditioned,Outdoor Seating",https://www.zomato.com/ncr/bijoli-grill-barakhamba-road-new-delhi,78
4863,Sam's Cafe,011 46470555,"Vivek Hotel, Main Bazaar,Paharganj, New DelhiIndia",,,,",",,,https://www.zomato.com/ncr/sams-cafe-paharganj-new-delhi,83
9675,The Shim Tur,+91 9810386717,"3 F, Navrang Guest House, Tooti Galli, Main Bazaar,Paharganj, New DelhiIndia",,,,",",,,https://www.zomato.com/ncr/the-shim-tur-paharganj-new-delhi,40
8451,Depaul's,011 23328214 011 41502040,"22,JanpathBhawan, Janpath, New Delhi110001",,,,",",,,https://www.zomato.com/ncr/de-pauls-janpath-delhi,105
3782,Fresc Co,011 33105714,"78,Janpath, New DelhiIndia",Rs. 1400 for two people (approx.),12 Noon to 11:30 PM,Elegant ambiance with good Italian food and a popular lunch buffet,"Casual Dining,","Italian,Mediterranean",,https://www.zomato.com/ncr/fresc-co-janpath-new-delhi,335
311982,Lutyens Cocktail House,011 33107884,"22,Janpath, New DelhiIndia",,,,"Casual Dining,",European,,https://www.zomato.com/ncr/lutyens-cocktail-house-janpath-new-delhi,13
310174,Shiv Sagar,011 33106408,"52,Janpath, New Delhi110001",Rs. 600 for two people (approx.),"11:30 AM to 5:30 PM, 6:30 PM to 11:30 PM",Its vegetarian and street food range,"Casual Dining,","North Indian,South Indian,Street Food,Fast Food","No Home Delivery,Dine-In Available,Vegetarian Only,Bar Not Available",https://www.zomato.com/ncr/shiv-sagar-janpath-new-delhi,367
304952,Planet Cafe,+91 8130305422,"Rajiv Chowk Metro Station,Connaught Place, New DelhiIndia",,,,",",,,https://www.zomato.com/ncr/planet-cafe-connaught-place-new-delhi,
310779,ZAMOZZA,011 33105212,"52,Janpath, New DelhiIndia",,,,"Casual Dining,","Italian,Mexican,Lebanese,Thai",",",https://www.zomato.com/ncr/zamozza-janpath-new-delhi,58
310577,Hot 'n' Chillz,,"Near Gate 5, Rajiv Chowk Metro Station,Connaught Place, New DelhiIndia",,,,",",,,https://www.zomato.com/ncr/hot-n-chillz-connaught-place-new-delhi,
307941,Chalte Chalte,011 23415555,"M 13, Punj House, Middle Circle,Connaught Place, New DelhiIndia",,,,",",,,https://www.zomato.com/ncr/chalte-chalte-connaught-place-delhi,
311525,,0120 4275559 +91 9599312543,"Shop 3, Regal Building, Opposite Jeevan Bharti Building,Connaught Place, New DelhiIndia",,,,",",,,https://www.zomato.com/ncr/shawarma-xpress-connaught-place-new-delhi,
306100,Prakash Sweets,011 23353324,"14/95, Near Scindhia House,Connaught Place, New DelhiIndia",,,,",",,,https://www.zomato.com/ncr/prakash-sweets-connaught-place-delhi,
899,Saravana Bhavan,011 23317755 011 23316060,"46,Janpath, New DelhiIndia",Rs. 550 for two people (approx.),8 AM to 11 PM,Being a legendary South Indian serving place,"Casual Dining,","South Indian,Desserts","Home Delivery,Dine-In Available,Vegetarian Only,Bar Not Available,Air Conditioned,Breakfast",https://www.zomato.com/ncr/saravana-bhavan-janpath-new-delhi,437
311861,Archi,+91 9717727846,"H-8, Tropical Building,Connaught Place, New DelhiIndia",,,,",",,,https://www.zomato.com/ncr/archi-connaught-place-new-delhi,
306095,Shudh Vaishno,,"10, Kashmiri Market, Opposite Shankar Market,Connaught Place, New DelhiIndia",,,,",",,,https://www.zomato.com/ncr/shudh-vaishno-connaught-place-new-delhi,
306093,RR Foods Corner,,"1, Kashmiri Market, Opposite Shankar Market,Connaught Place, New DelhiIndia",,,,",",,,https://www.zomato.com/ncr/rr-foods-corner-connaught-place-new-delhi,
305023,Planet Cafe,+91 9990207790,"Rajiv Chowk Metro Station,Connaught Place, New DelhiIndia",,,,",",,,https://www.zomato.com/ncr/planet-cafe-1-connaught-place-new-delhi,
305014,Cafe Buddy's,+91 9911584129,"Rajiv Chowk Metro Station,Connaught Place, New DelhiIndia",,,,",",,,https://www.zomato.com/ncr/cafe-buddys-connaught-place-delhi,
302163,Sharma Bhojnalaya,+91 9899641794,"1633, Main Bazaar,Paharganj, New DelhiIndia",,,,",",,,https://www.zomato.com/ncr/sharma-bhojnalaya-paharganj-new-delhi,
311787,Shawarma King's,+91 9899883121,"53/5, Opposite Andhra Bank, Bada Bazar Marg, OldRajinder Nagar, Rajinder Nagar, New DelhiIndia",,,,",",,,https://www.zomato.com/ncr/shawarma-kings-rajinder-nagar-new-delhi,
310562,D4 Buffet Restaurant,+91 9650889994 +91 9650889995,"4, Raza Market, BehindJanpathBhawan, Janpath, New Delhi110001",,,,",",,,https://www.zomato.com/ncr/d4-buffet-restaurant-janpath-new-delhi,
300591,Rajeev Restaurant,011 23367940 011 23346615,"5, Behind Hotel Royal Plaza,Janpath, New DelhiIndia",,,,",",,,https://www.zomato.com/ncr/rajeev-restaurant-janpath-delhi,
311650,Radhey Shyam Subhash Kumar Special Chole Bhature,+91 9811103164,"3239, Kesruwalan, Near School Wali Gali,Paharganj, New DelhiIndia",,,,",",,,https://www.zomato.com/ncr/radhey-shyam-subhash-kumar-special-chole-bhature-paharganj-new-delhi,
304954,Bhagat Ji,+91 9911013369,"Barakhamba Metro Station,Barakhamba Road, New DelhiIndia",,,,",",,,https://www.zomato.com/ncr/bhagat-ji-barakhamba-road-new-delhi,
5938,New Punjabi Dhaba,+91 8527761518 +91 9810922247,"Near Hanuman Mandir,Paharganj, New DelhiIndia",,,,",",,,https://www.zomato.com/ncr/new-punjabi-dhaba-paharganj-delhi,
308302,Subhash Sweets,+91 9711164234,"42 B, Shaheed Bhagat Singh Lane,Gole Market, New DelhiIndia",,,,",",,,https://www.zomato.com/ncr/subhash-sweets-gole-market-delhi,
6346,Delhi Ka Tadka,011 23589191 011 23589292,"3738, New Delhi Railway Station,Paharganj, New DelhiIndia",,,,",",,,https://www.zomato.com/ncr/delhi-ka-tadka-paharganj-delhi,
6348,Grand Sindhi Restaurant,+91 9891813243 +91 9999501445,"1554, Main Bazar,Paharganj, New DelhiIndia",,,,",",,,https://www.zomato.com/ncr/grand-sindhi-restaurant-paharganj-delhi,
307648,Tiffany Tracks Food Corner,+91 9717430508,"72,Janpath, Near Himalaya House, Janpath, New DelhiIndia",,,,",",,,https://www.zomato.com/ncr/tiffany-tracks-food-corner-janpath-new-delhi,
300589,Meenas,011 23368767 011 23368467,"1, Behind Royal Plaza Hotel, Ashok Road,Janpath, New DelhiIndia",,,,",",,,https://www.zomato.com/ncr/meenas-janpath-delhi,
301191,Satyam Rooftop Restaurant,+91 9818693683 011 23587314,"659, Top Floor, Tooti Chowk, Main Bazar,Paharganj, New DelhiIndia",,,,",",,,https://www.zomato.com/ncr/satyam-rooftop-restaurant-paharganj-new-delhi,
311509,Zaaykeen,011 43568617,"F-161, Bhagat Singh Market,Gole Market, New DelhiIndia",,,,",",,,https://www.zomato.com/ncr/zaaykeen-gole-market-new-delhi,
302174,Nirvana Cafe Food Jewels,+91 8447421576 +91 9999372035,"4744, Main Bazaar,Paharganj, New DelhiIndia",,,,",",,,https://www.zomato.com/ncr/nirvana-cafe-food-jewels-paharganj-new-delhi,2
3943,Henri's Bar - Le Meridien,011 23710101,"Le Meridien, Windsor Place,Connaught Place, New DelhiIndia",,,,",",,,https://www.zomato.com/ncr/henris-bar-le-meridien-connaught-place-delhi,
8253,Addictive Lounge,011 47535194 +91 9899472805,"R24, Opposite PVR Plaza Cinema,Connaught Place, New DelhiIndia",,,,",",,,https://www.zomato.com/ncr/addictive-lounge-connaught-place-delhi,1
4363,Uno 2 Go - Shangri-La's Eros Hotel,011 33105500,"Shangri-La's - Eros Hotel, 19, Ashoka Road,Connaught Place, New DelhiIndia",,,,",",,,https://www.zomato.com/ncr/uno-2-go-shangri-las-eros-hotel-connaught-place-new-delhi,4
303263,Lobby Lounge - Shangri-La's - Eros Hotel,011 33105069,"Shangri-La's Eros Hotel, 19, Ashoka Road,Connaught Place, New DelhiIndia",,,,",",,,https://www.zomato.com/ncr/lobby-lounge-shangri-las-eros-hotel-connaught-place-new-delhi,3
301312,Parashar Foods,+91 9811179232 +91 7838222643,"1, Shankar Market,Connaught Place, New DelhiIndia",,,,",",,,https://www.zomato.com/ncr/parashar-foods-connaught-place-new-delhi,7
309582,Caffe 9 Patisserie,011 41509040,"P 15,Connaught Place, New DelhiIndia",,,,",",,,https://www.zomato.com/ncr/caffe-9-patisserie-connaught-place-new-delhi,9
304949,,,"Rajiv Chowk Metro Station,Connaught Place, New DelhiIndia",,,,",",,,https://www.zomato.com/ncr/lord-of-fries-connaught-place-delhi,
301301,Bhogal Chat Bhandar,011 23310324,"Scindia House, K G Marg,Connaught Place, New DelhiIndia",,,,",",,,https://www.zomato.com/ncr/bhogal-chat-bhandar-connaught-place-delhi,8
2829,Kaffa - The Hans,011 23316861 011 23316868,"The Hans, 15,  Barakhamba Road,Connaught Place, New DelhiIndia",,,,",",,,https://www.zomato.com/ncr/kaffa-the-hans-connaught-place-delhi,3
308070,Comesum,011 41100100,"Rajiv Chowk Metro Station,Connaught Place, New DelhiIndia",,,,",",,,https://www.zomato.com/ncr/comesum-connaught-place-delhi,11
4371,Zing Gourmet Shop - The Metropolitan Hotel & Spa,011 42500200,"The Metropolitan Hotel & Spa, Bangla Sahib Road,Connaught Place, New DelhiIndia",,,,",",,,https://www.zomato.com/ncr/zing-gourmet-shop-the-metropolitan-hotel-spa-connaught-place-delhi,4
4366,Jasmine - The Royal Plaza,011 43555555,"The Royal Plaza, 19, Ashoka Road,Connaught Place, New DelhiIndia",Rs. 4000 for two people (approx.),"12 Noon to 3 PM, 7 PM to 11 PM",Its Pan Asian Cuisine and elegant ambiance,"Fine Dining,","Chinese,Japanese,Thai,Sushi","No Home Delivery,Dine-In Available,Serves Non Veg,Serves Alcohol,Air Conditioned,Luxury Dining",https://www.zomato.com/ncr/jasmine-the-royal-plaza-connaught-place-new-delhi,5
6286,Bengali Pastry Shop & Snack Bar,011 23351111 011 23352222,"34-37, Bengali Market,Connaught Place, New DelhiIndia",,,,",",,,https://www.zomato.com/ncr/bengali-pastry-shop-and-snack-bar-connaught-place-new-delhi,5
3271,Saqi Bar,+91 9958870250 011 23344000,"Hotel Alka, Outer Circle,Connaught Place, New DelhiIndia",,,,",",,,https://www.zomato.com/ncr/saqi-bar-connaught-place-new-delhi,11
301524,24/7 Bar- The Lalit New Delhi,011 33106425,"The Lalit, Barakhamba Avenue,Connaught Place, New DelhiIndia",,,,",",,,https://www.zomato.com/ncr/24-7-bar-the-lalit-new-delhi-connaught-place-delhi,5
306099,Odeon Sweet House,,"33/9, L Block,Connaught Place, New DelhiIndia",,,,",",,,https://www.zomato.com/ncr/odeon-sweet-house-connaught-place-new-delhi,10
1611,Dragon's Maharani,011 23413984 011 47535194,"K-24, Opposite PVR Plaza Cinema,Connaught Place, New DelhiIndia",,,,",",,,https://www.zomato.com/ncr/dragons-maharani-connaught-place-new-delhi,12
4611,Bhowani Junction - The Connaught,011 23364225 +91 8800393974,"The Connaught, 37, Shaheed Bhagat Singh Marg, Next to Shivaji Stadium,Connaught Place, New DelhiIndia",,,,",",,,https://www.zomato.com/ncr/bhowani-junction-the-connaught-connaught-place-new-delhi,6
1135,English Dairy,011 41516700 +91 9350602223,"A22, Middle Circle,Connaught Place, New DelhiIndia",,,,",",,,https://www.zomato.com/ncr/english-dairy-connaught-place-new-delhi,9
8842,24/7 Pastry Shop - The Lalit New Delhi,011 33106030,"The Lalit, Barakhamba Avenue,Connaught Place, New DelhiIndia",,,,",",,,https://www.zomato.com/ncr/24-7-pastry-shop-the-lalit-new-delhi-connaught-place-delhi,8
8817,Le Petit Cafe - The LaLit New Delhi,011 33106117,"The Lalit, Barakhamba Avenue,Connaught Place, New DelhiIndia",,,,",",,,https://www.zomato.com/ncr/le-petit-cafe-the-lalit-new-delhi-connaught-place-delhi,8
2502,Giani,,"84 & 85, Municipal Market, Outer Circle,Connaught Place, New DelhiIndia",,,,",",,,https://www.zomato.com/ncr/gianis-connaught-place-new-delhi,8
308593,Rotiwala,+91 9250015455 011 43505455,"H 7, Middle Circle, Near PVR Plaza,Connaught Place, New DelhiIndia",,,,",",,,https://www.zomato.com/ncr/rotiwala-connaught-place-new-delhi,18
105,Ginza,011 23415481 011 23415819,"Hotel York, K 10 & 11,Connaught Place, New DelhiIndia",,,,",",,,https://www.zomato.com/ncr/ginza-connaught-place-new-delhi,6
4866,Barista Lavazza Espresso Bar,,"L 12, Outer Circle,Connaught Place, New DelhiIndia",,,,",",,,https://www.zomato.com/ncr/barista-lavazza-espresso-bar-1-connaught-place-new-delhi,11
302310,South Indian Snacks,,"Jantar Mantar Road, Near Jantar Mantar Bus Stand,Connaught Place, New DelhiIndia",,,,",",,,https://www.zomato.com/ncr/south-indian-snacks-connaught-place-delhi,19
302724,Gold Resto Bar,011 23562101 011 23585559,"4350, Main Bazaar,Paharganj, New DelhiIndia",,,,",",,,https://www.zomato.com/ncr/gold-resto-bar-paharganj-delhi,3
307114,Everest Kitchen,011 23561456,"1171-1175, Main Market,Paharganj, New DelhiIndia",,,,",",,,https://www.zomato.com/ncr/everest-kitchen-paharganj-delhi,1
6023,Nirula's Express,011 23416566 +91 7428610310,"RCK - 02, Metro Station, Rajiv Chowk,Connaught Place, New DelhiIndia",,,,",",,,https://www.zomato.com/ncr/nirulas-express-connaught-place-delhi,12
301523,Nostalgia at 1911 Brasserie- The Imperial,011 41116602 011 41116604,"The Imperial,Janpath, New DelhiIndia",,,,",",,,https://www.zomato.com/ncr/nostalgia-at-1911-brasserie-the-imperial-janpath-delhi,2
302159,Khosla Cafe,+91 9212035448,"5024, Main Bazaar,Paharganj, New DelhiIndia",,,,",",,,https://www.zomato.com/ncr/khosla-cafe-paharganj-delhi,
307623,Narula Bakery by S.K Cakes,+91 8860150808,"3/38, Nehru Bazar,Paharganj, New DelhiIndia",,,,",",,,https://www.zomato.com/ncr/narula-bakery-by-s-k-cakes-paharganj-new-delhi,2
5949,White Heart Restro Bar,011 45796125 011 45796126,"Hotel Star View, 5136/1, Main Bazaar,Paharganj, New DelhiIndia",,,,",",,,https://www.zomato.com/ncr/white-heart-restro-bar-paharganj-new-delhi,
4265,Deluxe Chicken,011 24436365 +91 9871138155,"1, Bhagat Singh Market, NearGole Market, New DelhiIndia",,,,",",,,https://www.zomato.com/ncr/deluxe-chicken-gole-market-delhi,
305135,Le Fairway Restaurant & Bar,+91 9811961963,"Hotel Le Roi 2206, Rajguru Road, Chuna Mandi,Paharganj, New DelhiIndia",,,,",",,,https://www.zomato.com/ncr/le-fairway-restaurant-bar-paharganj-delhi,5
3119,Malhotra's,011 23581849 011 23589371,"1833-34, Laxmi Narain Street, Chuna Mandi,Paharganj, New DelhiIndia",,,,",",,,https://www.zomato.com/ncr/malhotras-paharganj-new-delhi,5
310595,My Love Restaurant & Bar,011 65644333 +91 9871281099,"23 B, Panchkuian Road, Near RK Ashram Marg Metro Station,Paharganj, New DelhiIndia",,,,",",,,https://www.zomato.com/ncr/my-love-restaurant-bar-paharganj-new-delhi,
302155,Madan Cafe & Restaurant,+91 9873745560,"1601, Main Bazaar,Paharganj, New DelhiIndia",,,,",",,,https://www.zomato.com/ncr/madan-cafe-restaurant-paharganj-delhi,5
311669,Jux Pux,+91 9711752015,"L-9/1, Outer Circle,Connaught Place, New Delhi110001",,,,",",,,https://www.zomato.com/ncr/jux-pux-connaught-place-new-delhi,6
308620,Cheers Lounge Bar,+91 9810215616,"Plot 1, Block 88 A, Krishna Market, Main Bazaar,Paharganj, New DelhiIndia",,,,",",,,https://www.zomato.com/ncr/cheers-lounge-bar-paharganj-new-delhi,
5801,Tadka 4986,011 32915216 011 65029576,"4986, Ram Dwara Road, Nehru Bazaar,Paharganj, New DelhiIndia",,,,",",,,https://www.zomato.com/ncr/tadka-4986-paharganj-new-delhi,6
8292,Everest Bakery Cafe,011 23584390,"4591, Main Bazar, Dal Mandi,Paharganj, New DelhiIndia",,,,",",,,https://www.zomato.com/ncr/everest-bakery-cafe-paharganj-new-delhi,6
3254,Metropolis Bar,011 23561782 011 41541396,"1634, Main Bazaar,Paharganj, New DelhiIndia",,,,",",,,https://www.zomato.com/ncr/metropolis-bar-paharganj-delhi,5
2903,Kake Da Hotel,011 23411580,"67, Municipal Market, Connaught Circle,Connaught Place, New DelhiIndia",,12 Noon to 12 Midnight,Legendary establishment serving North Indian treats for decades,"Casual Dining,",North Indian,"No Home Delivery,Dine-In Available,Serves Non Veg,Bar Not Available",https://www.zomato.com/ncr/kake-da-hotel-connaught-place-new-delhi,562
4815,Route 04,+91 9717590444 011 45795316,"K 2, Middle Circle,Connaught Place, New DelhiIndia",,10 AM to 1 AM,Being a hangout joint for good alcohol,"Pub,","Continental,American,Tex-Mex","No Home Delivery,Dine-In Available,Serves Non Veg,Serves Alcohol,Air Conditioned,Breakfast,Nightlife,Pub",https://www.zomato.com/ncr/route-04-connaught-place-new-delhi,522
302188,The Gem Bar & Restaurant,+91 9999558686 +91 9899075058,"1050, Main Bazaar,Paharganj, New DelhiIndia",,,,",",,,https://www.zomato.com/ncr/the-gem-bar-restaurant-paharganj-new-delhi,
300593,Kalpana Restaurant,+91 9313132660 +91 9313139159,"84 A, Tolstoy Lane,Janpath, New DelhiIndia",,,,",",,,https://www.zomato.com/ncr/kalpana-restaurant-janpath-new-delhi,10
910,United Coffee House,011 23411697 011 23416075,"E15,Connaught Place, New DelhiIndia",Rs. 2100 for two people (approx.),11 AM to 11:30 PM,High end family place with elegant decor,"Fine Dining,","Cafe,Asian,Continental,North Indian,Mediterranean,European","No Home Delivery,Dine-In Available,Serves Non Veg,Serves Alcohol,Air Conditioned",https://www.zomato.com/ncr/united-coffee-house-connaught-place-delhi,421
55,Berco's,011 33105026,"G 2/43, Middle Circle,Connaught Place, New DelhiIndia",Rs. 1100 for two people (approx.),12 Noon to 11 PM,Their Chinese food,"Casual Dining,","Chinese,Thai",",",https://www.zomato.com/ncr/bercos-connaught-place-new-delhi,605
6957,My Bar Lounge & Restaurant,011 33105880,"G 68, Opposite Alka Hotel, Near Metro Exit 7 & 8, Outer Circle,Connaught Place, New DelhiIndia",Rs. 900 for two people (approx.),11 AM to 12 Midnight,Its exceptionally low alcohol prices,"Bar,","North Indian,Mughlai,Chinese","No Home Delivery,Dine-In Available,Serves Non Veg,Serves Alcohol,Air Conditioned,Wifi Available,Nightlife,Meal Coupon",https://www.zomato.com/ncr/my-bar-lounge-and-restaurant-connaught-place-new-delhi,784
3393,Parikrama - The Revolving Restaurant,011 66303394 011 23721616,"22, Antariksh Bhavan, Kasturba Gandhi Marg,Connaught Place, New DelhiIndia",Rs. 2200 for two people (approx.),12:30 PM to 12:30 AM,"Brilliant ambiance , well lit decor , awesome Food and specially the Revolving part, which gives you the view of different locations","Fine Dining,","North Indian,Chinese,Mughlai",",",https://www.zomato.com/ncr/parikrama-the-revolving-restaurant-connaught-place-new-delhi,727
310448,Burger King,011 43509889,"E 8, Inner Circle,Connaught Place, New DelhiIndia",,,,",",,,https://www.zomato.com/ncr/burger-king-connaught-place-new-delhi,374
301011,Starbucks,011 41562923,"Block A, Hamilton House,Connaught Place, New DelhiIndia",,,,",",,,https://www.zomato.com/ncr/starbucks-1-connaught-place-new-delhi,734
4631,Andhra Bhavan,011 23382031,"1, Ashoka Road,Connaught Place, New DelhiIndia",Rs. 300 for two people (approx.),"7:30 AM to 10:30 AM, 12 Noon to 3 PM, 7:30 PM to 10 PM",Economical and ever popular Andhra food,"Quick Bites,","Andhra,South Indian","No Home Delivery,Dine-In Available,Serves Non Veg,Bar Not Available,Air Conditioned,Breakfast",https://www.zomato.com/ncr/andhra-bhavan-connaught-place-delhi,818
309586,Kinbuck 2,011 33105528,"P 10/90, Outer Circle,Connaught Place, New DelhiIndia",Rs. 1600 for two people (approx.),12 Noon to 12:30 AM,Its brick wall ambiance with a variety of food options,"Lounge,","North Indian,Italian,Mexican,Chettinad,Chinese,Lebanese","No Home Delivery,Dine-In Available,Serves Non Veg,Serves Alcohol,Smoking Area,Live Sports Screening",https://www.zomato.com/ncr/kinbuck-2-connaught-place-new-delhi,131
301489,Barbeque Nation,011 60600002,"2nd Floor, Munshilal Building, Block N, Outer Circle,Connaught Place, New DelhiIndia",Rs. 1600 for two people (approx.),"12:30 PM to 3:30 PM, 7 PM to 11 PM",Its barbecue buffet and 'live on table' grill,"Casual Dining,","North Indian,Chinese,Mediterranean",,https://www.zomato.com/ncr/barbeque-nation-connaught-place-new-delhi,707
301605,Warehouse Cafe,011 33106299,"1st Floor, Inner Circle, D Block,Connaught Place, New DelhiIndia",Rs. 2500 for two people (approx.),12 Noon to 12 Midnight,Its hangout ambiance along with its varied alcohol options,"Lounge,","American,North Indian,Italian,Asian",",",https://www.zomato.com/ncr/warehouse-cafe-connaught-place-new-delhi,1257
4249,Wenger's,011 23324403 011 23324594,"A16,Connaught Place, New DelhiIndia",,11 AM to 8 PM,Legendary bakes and cakes,"Quick Bites,","Bakery,Fast Food,Desserts","No Home Delivery,Dine-In Not Available,Serves Non Veg,Bar Not Available,Air Conditioned,Desserts and Bakes",https://www.zomato.com/ncr/wengers-connaught-place-delhi,740
308579,The Town House Cafe,011 33105216,"Munshilal Building, N Block, Outer Circle,Connaught Place, New DelhiIndia",,,,",",,,https://www.zomato.com/ncr/the-town-house-cafe-connaught-place-new-delhi,537
309138,Monkey Bar,011 33107898,"P 3/90, Connaught Circus,Connaught Place, New DelhiIndia",Rs. 1500 for two people (approx.),12 Noon to 12 Midnight,Their well decorated ambience with food and alcohol,"Pub,Casual Dining","American,Asian,European,North Indian","No Home Delivery,Dine-In Available,Serves Non Veg,Full Bar Available,Air Conditioned,Nightlife",https://www.zomato.com/ncr/monkey-bar-connaught-place-new-delhi,402
310143,Natural Ice Cream,011 65370007 011 43785500,"Shop L-8, L-Block, Outer Circle, Near Haldirams,Connaught Place, New Delhi110001",Rs. 200 for two people (approx.),11 AM to 12 Midnight,Its natural flavour Ice Creams,"Dessert Parlor,","Ice Cream,Desserts","No Home Delivery,Seating Available,Vegetarian Only,Bar Not Available,Air Conditioned,Desserts and Bakes",https://www.zomato.com/NaturalsCP,265
309955,Nando's,+91 9999440911,"F-29/30 A, Malhotra Building, Inner Circle,Connaught Place, New DelhiIndia",,,,",",,,https://www.zomato.com/ncr/nandos-connaught-place-new-delhi,287
305453,Chew - Pan Asian Cafe,011 33105491,"First Floor, M16, Outer Circle,Connaught Place, New DelhiIndia",,12:30 PM to 11:30 PM,Its ambience along with authentic Pan Asian food,"Casual Dining,","Asian,Japanese,Chinese,Thai","No Home Delivery,Dine-In Available,Serves Non Veg,Serves Alcohol,Air Conditioned,Wifi Available",https://www.zomato.com/ncr/chew-pan-asian-cafe-connaught-place-new-delhi,559
307371,Samrudhi,011 30411411,"Kerala House, 3 Jantar Mantar Road, Near Patel Chowk Metro Station,Janpath, New DelhiIndia",,,,",",,,https://www.zomato.com/ncr/samrudhi-janpath-delhi,12
302162,Club India Cafe & Restaurant,+91 9971479062 +91 8527873064,"4797, 2nd Floor, 6 Tooti Chowk,Paharganj, New DelhiIndia",,,,",",,,https://www.zomato.com/ncr/club-india-cafe-restaurant-paharganj-new-delhi,8
900,Saravana Bhavan,011 28844305 011 23345577,"P 13, Connaught Circus,Connaught Place, New DelhiIndia",Rs. 550 for two people (approx.),8 AM to 11 PM,Being a legendary South Indian serving place,"Casual Dining,","South Indian,Desserts","Home Delivery,Dine-In Available,Vegetarian Only,Bar Not Available,Air Conditioned,Breakfast",https://www.zomato.com/ncr/saravana-bhavan-connaught-place-new-delhi,1145
309478,Ambrosia Bliss,011 49004700,"L 51 to 54, 2nd Floor, Outer CircleConnaught Place, New  Delhi110001",Rs. 2000 for two people (approx.),11:30 AM to 1 AM,Fine ambiance and a diverse menu,"Lounge,","North Indian,Italian,Mediterranean,Bakery","No Home Delivery,Dine-In Available,Serves Non Veg,Serves Alcohol,Air Conditioned,Wifi Available,Live Performances,Outdoor Seating,Smoking Area,Nightlife",https://www.zomato.com/ncr/ambrosia-bliss-connaught-place-new-delhi,541
2729,Patiala Peg - The Imperial,011 41116602 011 41116604,"The Imperial,Janpath, New DelhiIndia",,,,",",,,https://www.zomato.com/ncr/patiala-peg-the-imperial-janpath-delhi,1
306069,Flury's - The Park,011 23743000,"The Park, 15, Parliament Street,Connaught Place, New DelhiIndia",,,,",",,,https://www.zomato.com/ncr/flurys-the-park-connaught-place-new-delhi,3
306098,Embassy Snack Shop,,"D 11, Inner Circle,Connaught Place, New DelhiIndia",,,,",",,,https://www.zomato.com/ncr/embassy-snack-shop-connaught-place-delhi,7
302161,Appetite Restaurant,+91 9810845224 011 43720554,"1575/80, Main Bazaar,Paharganj, New DelhiIndia",,,,",",,,https://www.zomato.com/ncr/appetite-restaurant-paharganj-delhi,5
7855,Dunkin' Donuts,011 33105424,"N 6, Besides Dominos Pizza,Connaught Place, New DelhiIndia",,,,",",,,https://www.zomato.com/ncr/dunkin-donuts-1-connaught-place-new-delhi,454
310576,Baker's Pride,,"Rajiv Chowk Metro Station,Connaught Place, New DelhiIndia",,,,",",,,https://www.zomato.com/ncr/bakers-pride-connaught-place-new-delhi,
300595,Anand Restaurant,011 23313349 011 23313554,"15/96, Schindi House,Connaught Place, New DelhiIndia",,,,",",,,https://www.zomato.com/ncr/anand-restaurant-connaught-place-new-delhi,129
304221,Kamal Restaurant,+91 9911046200 +91 9911053951,"3339, Gali Kaseruwalan,Paharganj, New DelhiIndia",,,,",",,,https://www.zomato.com/ncr/kamal-restaurant-paharganj-new-delhi,
4057,Bikanervala,+91 9717744098 +91 9717744986,"1st Floor, Rajiv Gandhi Handicraft Bhavan, Baba Kharak Singh Marg,Connaught Place, New DelhiIndia",,,,",",,,https://www.zomato.com/ncr/bikanervala-connaught-place-delhi,34
302878,Cha Bar,011 33503291,"N 81, Oxford Bookstore,Connaught Place, New DelhiIndia",,,,",",,,https://www.zomato.com/ncr/cha-bar-connaught-place-new-delhi,649
783,Costa Coffee,011 41500864,"L 8, Connaught Circus,Connaught Place, New DelhiIndia",,,,",",,,https://www.zomato.com/ncr/costa-coffee-connaught-place-new-delhi,51
310123,Japanese Fuji Restaurant,011 47472395 011 47472396,"M-41/2, Speedbird House, Middle Circle,Connaught Place, New DelhiIndia",,,,",",,,https://www.zomato.com/ncr/japanese-fuji-restaurant-connaught-place-new-delhi,17
67,Fa Yian,+91 9899358888 +91 9811329426,"A 25/5, Middle Circle,Connaught Place, New DelhiIndia",,,,",",,,https://www.zomato.com/ncr/fa-yian-connaught-place-new-delhi,134
310097,Cafe Immigrant,011 47340432 +91 9958291119,"B-45, First Floor, Inner Circle,Connaught Place, New Delhi, India 110001110001",,,,",",,,https://www.zomato.com/CafeImmi,87
311373,Desi Vibes,011 33106592,"2nd Floor, N-95, Above Starbucks, Outer Circle,Connaught Place, New Delhi110001",Rs. 1200 for two people (approx.),12 Noon to 12:30 AM,Dv Ki Khas Dal Makhani,"Casual Dining,","North Indian,Mughlai","No Home Delivery,Dine-In Available,Serves Non Veg,Bar Not Available,Air Conditioned,Outdoor Seating,Smoking Area,Meal Coupon,Live Sports Screening",https://www.zomato.com/DESIVIBESCP,57
3027,Baluchi - The Lalit New Delhi,011 33105268,"The Lalit, Barakhamba Avenue,Connaught Place, New DelhiIndia",Rs. 3000 for two people (approx.),"12 Noon to 2:45 PM, 7 PM to 11:30 PM",Its royal ambiance and Mughlai food,"Fine Dining,","Mughlai,North Indian,South Indian,Seafood","No Home Delivery,Dine-In Available,Serves Non Veg,Serves Alcohol,Air Conditioned,Luxury Dining",https://www.zomato.com/ncr/baluchi-the-lalit-new-delhi-connaught-place-delhi,72
4367,Lutyen's - The Royal Plaza,011 43555555,"The Royal Plaza, 19, Ashoka Road,Connaught Place, New DelhIndia",,24 Hours,Mouth watering North Indian delicacy.,"Fine Dining,","Continental,North Indian,Korean,Italian,Chinese","No Home Delivery,Dine-In Available,Serves Non Veg,Serves Alcohol,Air Conditioned,Breakfast,Luxury Dining",https://www.zomato.com/ncr/lutyens-the-royal-plaza-connaught-place-delhi,20
3941,1 Cafe Lounge,011 33105065,"M 89/90, 1st Floor, Outer Circle,Connaught Place, New DelhiIndia",,,,",",,,https://www.zomato.com/ncr/1-cafe-lounge-connaught-place-new-delhi,237
5802,Golden Cafe,+91 9810819377 +91 9810819367,"1, Nehru Bazar, Panchkuian Road, Opposite Hanuman Temple,Paharganj, New DelhiIndia",,,,",",,,https://www.zomato.com/ncr/golden-cafe-paharganj-new-delhi,15
304948,Coffee Day Express,+91 8800120061,"Rajiv Chowk Metro Station,Connaught Place, New DelhiIndia",,,,",",,,https://www.zomato.com/ncr/coffee-day-express-connaught-place-new-delhi,3
4380,Longitude - Le Meridien,011 23462146,"Le Meridien, Windsor Place,Connaught Place, New Delhi110001",,,,",",,,https://www.zomato.com/ncr/caffe-e-chocol-art-le-meridien-connaught-place-delhi,12
1888,Sagar Bar-Be Que,011 32540005 +91 9818568294,"4-5,Gole Market, New DelhiIndia",,,,",",,,https://www.zomato.com/ncr/sagar-bar-be-que-gole-market-new-delhi,13
1700,Mirchi,011 41081444 +91 9873509399,"1st Floor, PVR Plaza Cinema Building, H Block,Connaught Place, New DelhiIndia",,,,",",,,https://www.zomato.com/ncr/mirchi-connaught-place-delhi,21
300582,Sea Lord,011 23745468 +91 8130748289,"5, Behind Royal Plaza Hotel,Janpath, New DelhiIndia",,,,",",,,https://www.zomato.com/ncr/sea-lord-janpath-new-delhi,
302189,Kathmandu Cafe,+91 9899247552 011 23584930,"1075, Main Road,Paharganj, New DelhiIndia",,,,",",,,https://www.zomato.com/ncr/kathmandu-cafe-paharganj-delhi,16
305966,Bangla Pastry Shop,011 23346009 011 23364609,"125, Bangla Sahib Marg,Connaught Place, New DelhiIndia",,,,",",,,https://www.zomato.com/ncr/bangla-pastry-shop-1-connaught-place-delhi,5
4907,Kitty Su - The Lalit New Delhi,011 33105224,"The Lalit, Barakhamba Avenue,Connaught Place, New Delhi110001",,Closed,Popular nightclub with a large dance floor,"Club,",Finger Food,"No Home Delivery,Seating Available,Serves Non Veg,Serves Alcohol,Air Conditioned,Nightlife,Dance Floor",https://www.zomato.com/ncr/kitty-su-the-lalit-new-delhi-connaught-place-new-delhi,156
3506,Indian Coffee House,011 23342994,"2nd Floor, Mohan Singh Place,Connaught Place, New DelhiIndia",Rs. 200 for two people (approx.),9 AM to 9 PM,Its authentic old school ambiance with popular coffee and quick bites,"Quick Bites,","Cafe,Fast Food","No Home Delivery,Dine-In Not Available,Serves Non Veg,Bar Not Available,Outdoor Seating,Breakfast",https://www.zomato.com/ncr/indian-coffee-house-connaught-place-new-delhi,314
125,Minar,011 33105969,"L11, Outer Circle,Connaught Place, New DelhiIndia",,12:30 PM to 11 PM,Delicious North Indian treats at a classic restaurant in Lutyens' Delhi,"Casual Dining,",North Indian,",",https://www.zomato.com/ncr/minar-connaught-place-new-delhi,141
1910,Gupta Sweet Corner,011 23363954 011 23363958,"129, Bangla Saheb Marg,Gole Market, New DelhiIndia",,,,",",,,https://www.zomato.com/ncr/gupta-sweet-corner-gole-market-new-delhi,
